Variable,ImportanciaMedia
PromedioNotaGeneral,2.300180121213817
CantFinalesRendidos,1.5835336253727355
CantExamenesRendidos,1.3895695214305228
PromedioAsistencia,0.5603775750954686
AyudaFinanciera,0.026281287501206445
