Variable,ImportanciaMedia
PromedioNotaGeneral,0.8692541490240991
TasaRecursaGeneral,0.23204337953989349
AyudaFinanciera,0.07364693610262364
PromedioAsistencia,0.07346153838046432
NotaPromedioParcialCursada,0.05975978370972704
Materia,0.010937466710064516
