Variable,ImportanciaMedia
PromedioAsistencia,1.5403787833394715
PromedioNotaGeneral,0.8443041705943828
Materia,0.07561659545018465
PromedioColegio,0.05366128617203235
AyudaFinanciera,0.014053266825307647
