Variable,ImportanciaMedia
AniosDesdeIngreso,18.508314278649234
Materia,13.48055693668451
TasaAprobacionGeneral,12.639026293404653
PromedioNotaGeneral,1.5659011693052087
PromedioColegio,0.41190861570426063
Asistencia,0.3404082721620138
Edad,0.2071237223902627
AyudaFinanciera,0.08246950423352704
ColegioTecnico,0.03536539733747421
Genero,0.004634921691190861
IndiceBloqueo,0.0
